Datetime,Water Level (m)
2025-02-13 12:00:00,0.0208689
2025-02-13 13:00:00,0.16195583
2025-02-13 14:00:00,0.22472931
2025-02-13 15:00:00,0.22477974
2025-02-13 16:00:00,0.22962575
2025-02-13 17:00:00,0.1860389
2025-02-13 18:00:00,0.14589265
2025-02-13 19:00:00,0.122315295
2025-02-13 20:00:00,0.08635514
2025-02-13 21:00:00,0.037747294
2025-02-13 22:00:00,-0.005898722
2025-02-13 23:00:00,-0.01631341
2025-02-14 00:00:00,0.096732885
2025-02-14 01:00:00,0.22647382
2025-02-14 02:00:00,0.28617758
2025-02-14 03:00:00,0.32227212
2025-02-14 04:00:00,0.36256167
2025-02-14 05:00:00,0.3446722
2025-02-14 06:00:00,0.27933475
2025-02-14 07:00:00,0.24226646
2025-02-14 08:00:00,0.21197927
2025-02-14 09:00:00,0.16369793
2025-02-14 10:00:00,0.10990703
2025-02-14 11:00:00,0.06391073
2025-02-14 12:00:00,0.06792633
2025-02-14 13:00:00,0.18965897
2025-02-14 14:00:00,0.29392537
2025-02-14 15:00:00,0.3226661
2025-02-14 16:00:00,0.33317748
2025-02-14 17:00:00,0.31361806
2025-02-14 18:00:00,0.26047415
2025-02-14 19:00:00,0.22835761
2025-02-14 20:00:00,0.19925931
2025-02-14 21:00:00,0.152875
2025-02-14 22:00:00,0.10074501
2025-02-14 23:00:00,0.05689102
2025-02-15 00:00:00,0.07831539
2025-02-15 01:00:00,0.22200894
2025-02-15 02:00:00,0.32650378
2025-02-15 03:00:00,0.3557376
2025-02-15 04:00:00,0.38646838
2025-02-15 05:00:00,0.38790685
2025-02-15 06:00:00,0.33567774
2025-02-15 07:00:00,0.29115203
2025-02-15 08:00:00,0.26185834
2025-02-15 09:00:00,0.21879981
2025-02-15 10:00:00,0.16625614
2025-02-15 11:00:00,0.11455112
2025-02-15 12:00:00,0.0816085
2025-02-15 13:00:00,0.15521587
2025-02-15 14:00:00,0.28918415
2025-02-15 15:00:00,0.35353887
2025-02-15 16:00:00,0.35736588
2025-02-15 17:00:00,0.35963115
2025-02-15 18:00:00,0.31362608
2025-02-15 19:00:00,0.27158183
2025-02-15 20:00:00,0.24318337
2025-02-15 21:00:00,0.2013238
2025-02-15 22:00:00,0.15083924
2025-02-15 23:00:00,0.10137839
2025-02-16 00:00:00,0.07147631
2025-02-16 01:00:00,0.15032598
2025-02-16 02:00:00,0.28722292
2025-02-16 03:00:00,0.35672846
2025-02-16 04:00:00,0.3720558
2025-02-16 05:00:00,0.38688803
2025-02-16 06:00:00,0.34765434
2025-02-16 07:00:00,0.2993481
2025-02-16 08:00:00,0.26877248
2025-02-16 09:00:00,0.22907183
2025-02-16 10:00:00,0.17759775
2025-02-16 11:00:00,0.124686316
2025-02-16 12:00:00,0.07979208
2025-02-16 13:00:00,0.08663146
2025-02-16 14:00:00,0.21246873
2025-02-16 15:00:00,0.31780592
2025-02-16 16:00:00,0.34402347
2025-02-16 17:00:00,0.3531128
2025-02-16 18:00:00,0.33439678
2025-02-16 19:00:00,0.28321
2025-02-16 20:00:00,0.251473
2025-02-16 21:00:00,0.21927217
2025-02-16 22:00:00,0.17272031
2025-02-16 23:00:00,0.12197686
2025-02-17 00:00:00,0.07781887
2025-02-17 01:00:00,0.08448693
2025-02-17 02:00:00,0.2067905
2025-02-17 03:00:00,0.31250185
2025-02-17 04:00:00,0.34248117
2025-02-17 05:00:00,0.3538493
2025-02-17 06:00:00,0.33307064
2025-02-17 07:00:00,0.2816202
2025-02-17 08:00:00,0.25046167
2025-02-17 09:00:00,0.21968834
2025-02-17 10:00:00,0.17394893
2025-02-17 11:00:00,0.123512745
2025-02-17 12:00:00,0.074984506
2025-02-17 13:00:00,0.046740167
2025-02-17 14:00:00,0.120767504
2025-02-17 15:00:00,0.24685606
2025-02-17 16:00:00,0.31078404
2025-02-17 17:00:00,0.3219933
2025-02-17 18:00:00,0.32609388
2025-02-17 19:00:00,0.27943566
2025-02-17 20:00:00,0.23957951
2025-02-17 21:00:00,0.21219042
2025-02-17 22:00:00,0.17161715
2025-02-17 23:00:00,0.12264783
2025-02-18 00:00:00,0.074872985
2025-02-18 01:00:00,0.045328315
2025-02-18 02:00:00,0.09993551
2025-02-18 03:00:00,0.22405632
2025-02-18 04:00:00,0.2950968
2025-02-18 05:00:00,0.30233547
2025-02-18 06:00:00,0.29685602
2025-02-18 07:00:00,0.24711217
2025-02-18 08:00:00,0.2135762
2025-02-18 09:00:00,0.1902039
2025-02-18 10:00:00,0.15048797
2025-02-18 11:00:00,0.104215465
2025-02-18 12:00:00,0.057347544
2025-02-18 13:00:00,0.019349081
2025-02-18 14:00:00,0.03343996
2025-02-18 15:00:00,0.14641847
2025-02-18 16:00:00,0.24411303
2025-02-18 17:00:00,0.27662042
2025-02-18 18:00:00,0.29514703
2025-02-18 19:00:00,0.28604817
2025-02-18 20:00:00,0.23824637
2025-02-18 21:00:00,0.2043035
2025-02-18 22:00:00,0.17507237
2025-02-18 23:00:00,0.13248788
2025-02-19 00:00:00,0.08561554
2025-02-19 01:00:00,0.04493069
2025-02-19 02:00:00,0.044675503
2025-02-19 03:00:00,0.13163939
2025-02-19 04:00:00,0.23128146
2025-02-19 05:00:00,0.26684782
2025-02-19 06:00:00,0.26069725
2025-02-19 07:00:00,0.22424765
2025-02-19 08:00:00,0.1851352
2025-02-19 09:00:00,0.16531374
2025-02-19 10:00:00,0.13362493
2025-02-19 11:00:00,0.089783676
2025-02-19 12:00:00,0.04308348
